{
    "name": "first-network-org${ORG}",
    "version": "1.0.0",
    "client": {
        "organization": "${ORG}",
        "connection": {
            "timeout": {
                "peer": {
                    "endorser": "300"
                }
            }
        }
    },
    "organizations": {
        "${ORG}": {
            "mspid": "${ORG}MSP",
            "peers": [
                "peer0-${ORG}"
            ],
            "certificateAuthorities": [
                "ca-${ORG}"
            ]
        }
    },
    "peers": {
        "peer0-${ORG}": {
            "url": "grpcs://peer0-${ORG}:${P0PORT}",
            "tlsCACerts": {
                "pem": "${PEERPEM}"
            },
            "grpcOptions": {
                "ssl-target-name-override": "peer0-${ORG}",
                "hostnameOverride": "peer0-${ORG}"
            }
        }
	
    },
    "certificateAuthorities": {
        "ca-${ORG}": {
            "url": "https://ca-${ORG}:${CAPORT}",
            "caName": "ca-${ORG}",
            "tlsCACerts": {
                "pem": "${CAPEM}"
            },
            "httpOptions": {
                "verify": false
            }
        }
    }
}